{"cameraMode":{"drawMode":0,"name":"Shaded","section":"Shading Mode"},"sceneLighting":false,"audioPlay":false,"sceneViewState":{"showFog":true,"showMaterialUpdate":false,"showSkybox":false,"showFlares":true,"showImageEffects":true,"showParticleSystems":true},"in2DMode":false,"pivot":{"x":12.547986030578614,"y":2.109872341156006,"z":0.8785262703895569},"rotation":{"x":0.06289895623922348,"y":-0.10757911205291748,"z":0.006820032373070717,"w":0.9921837449073792},"size":4.018185615539551,"orthographic":false}