{"cameraMode":{"drawMode":0,"name":"Shaded","section":"Shading Mode"},"sceneLighting":true,"audioPlay":false,"sceneViewState":{"showFog":true,"showMaterialUpdate":false,"showSkybox":true,"showFlares":true,"showImageEffects":true,"showParticleSystems":true},"in2DMode":false,"pivot":{"x":0.0,"y":1.1796766519546509,"z":-1.5054590702056885},"rotation":{"x":0.03249000385403633,"y":0.9670172333717346,"z":0.1937008649110794,"w":-0.1622144877910614},"size":5.878265857696533,"orthographic":false}