{"cameraMode":{"drawMode":0,"name":"Shaded","section":"Shading Mode"},"sceneLighting":false,"audioPlay":false,"sceneViewState":{"showFog":true,"showMaterialUpdate":false,"showSkybox":false,"showFlares":true,"showImageEffects":true,"showParticleSystems":true},"in2DMode":false,"pivot":{"x":-6.4315571784973148,"y":0.8157578110694885,"z":19.33584976196289},"rotation":{"x":0.029297854751348497,"y":-0.08087682723999024,"z":0.0023776800371706487,"w":0.9962990880012512},"size":3.2173197269439699,"orthographic":false}