{"cameraMode":{"drawMode":0,"name":"Shaded","section":"Shading Mode"},"sceneLighting":true,"audioPlay":false,"sceneViewState":{"showFog":true,"showMaterialUpdate":false,"showSkybox":true,"showFlares":true,"showImageEffects":true,"showParticleSystems":true},"in2DMode":false,"pivot":{"x":-0.15289977192878724,"y":1.3941421508789063,"z":6.331657886505127},"rotation":{"x":0.6406322121620178,"y":-0.010364978574216366,"z":0.00864904373884201,"w":0.7677289843559265},"size":16.570789337158204,"orthographic":false}